00,00,00,00,00,00,   //    0 0
00,64,18,04,64,18,   //   1 1
00,3c,40,40,20,7c,   //   2 2
00,0c,30,40,30,0c,   //   3 3
00,3c,40,30,40,3c,   //   4 4
00,00,3e,1c,08,00,   //   5 5
00,04,1e,1f,1e,04,   //   6 6
00,10,3c,7c,3c,10,   //   7 7
00,20,40,3e,01,02,   //   8 8
00,22,14,08,14,22,   //    9 9
00,00,38,28,38,00,   //    a 10
00,00,10,38,10,00,   //   b 11
00,00,00,10,00,00,   //   c 12
00,08,78,08,00,00,   //    d 13
00,00,15,15,0a,00,   //   e 14
00,7f,7f,09,09,01,   //   f 15
00,10,20,7f,01,01,   //  10 16
00,04,04,00,01,1f,   //  11 17
00,00,19,15,12,00,   //  12 18
00,40,60,50,48,44,   //  13 19
00,06,09,09,06,00,   //  14 20
00,0f,02,01,01,00,   //  15 21
00,00,01,1f,01,00,   //  16 22
00,44,44,4a,4a,51,   //  17 23
00,14,74,1c,17,14,   //  18 24
00,51,4a,4a,44,44,   //  19 25
00,00,00,04,04,04,   //   1a 26
00,00,7c,54,54,44,   //  1b 27
00,08,08,2a,1c,08,   //   1c 28
00,7c,00,7c,44,7c,   //   1d 29
00,04,02,7f,02,04,   //   1e 30
00,10,20,7f,20,10,   //   1f 31
00,00,00,00,00,00,   //   20 32
00,00,00,6f,00,00,   // ! 21 33
00,00,07,00,07,00,   // " 22 34
00,14,7f,14,7f,14,   // # 23 35
00,00,07,04,1e,00,   // $ 24 36
00,23,13,08,64,62,   // % 25 37
00,36,49,56,20,50,   // & 26 38
00,00,00,07,00,00,   // ' 27 39
00,00,1c,22,41,00,   // ( 28 40
00,00,41,22,1c,00,   // ) 29 41
00,14,08,3e,08,14,   // * 2a 42
00,08,08,3e,08,08,   // + 2b 43
00,00,50,30,00,00,   // , 2c 44
00,08,08,08,08,08,   // - 2d 45
00,00,60,60,00,00,   // . 2e 46
00,20,10,08,04,02,   // / 2f 47
00,3e,51,49,45,3e,   // 0 30 48
00,00,42,7f,40,00,   // 1 31 49
00,42,61,51,49,46,   // 2 32 50
00,21,41,45,4b,31,   // 3 33 51
00,18,14,12,7f,10,   // 4 34 52
00,27,45,45,45,39,   // 5 35 53
00,3c,4a,49,49,30,   // 6 36 54
00,01,71,09,05,03,   // 7 37 55
00,36,49,49,49,36,   // 8 38 56
00,06,49,49,29,1e,   // 9 39 57
00,00,36,36,00,00,   // : 3a 58
00,00,56,36,00,00,   // ; 3b 59
00,08,14,22,41,00,   // < 3c 60
00,14,14,14,14,14,   // = 3d 61
00,00,41,22,14,08,   // > 3e 62
00,02,01,51,09,06,   // ? 3f 63
00,3e,41,5d,49,4e,   // @ 40 64
00,7e,09,09,09,7e,   // A 41 65
00,7f,49,49,49,36,   // B 42 66
00,3e,41,41,41,22,   // C 43 67
00,7f,41,41,41,3e,   // D 44 68
00,7f,49,49,49,41,   // E 45 69
00,7f,09,09,09,01,   // F 46 70
00,3e,41,49,49,7a,   // G 47 71
00,7f,08,08,08,7f,   // H 48 72
00,00,41,7f,41,00,   // I 49 73
00,20,40,41,3f,01,   // J 4a 74
00,7f,08,14,22,41,   // K 4b 75
00,7f,40,40,40,40,   // L 4c 76
00,7f,02,0c,02,7f,   // M 4d 77
00,7f,04,08,10,7f,   // N 4e 78
00,3e,41,41,41,3e,   // O 4f 79
00,7f,09,09,09,06,   // P 50 80
00,3e,41,51,21,5e,   // Q 51 81
00,7f,09,19,29,46,   // R 52 82
00,46,49,49,49,31,   // S 53 83
00,01,01,7f,01,01,   // T 54 84
00,3f,40,40,40,3f,   // U 55 85
00,0f,30,40,30,0f,   // V 56 86
00,3f,40,30,40,3f,   // W 57 87
00,63,14,08,14,63,   // X 58 88
00,07,08,70,08,07,   // Y 59 89
00,61,51,49,45,43,   // Z 5a 90
00,3c,4a,49,29,1e,   // [ 5b 91
00,02,04,08,10,20,   // \ 5c 92
00,00,41,7f,00,00,   // ] 5d 93
00,04,02,01,02,04,   // ^ 5e 94
00,40,40,40,40,40,   // _ 5f 95
00,00,00,03,04,00,   // ` 60 96
00,20,54,54,54,78,   // a 61 97
00,7f,48,44,44,38,   // b 62 98
00,38,44,44,44,20,   // c 63 99
00,38,44,44,48,7f,   // d 64 100
00,38,54,54,54,18,   // e 65 101
00,08,7e,09,01,02,   // f 66 102
00,0c,52,52,52,3e,   // g 67 103
00,7f,08,04,04,78,   // h 68 104
00,00,44,7d,40,00,   // i 69 105
00,20,40,44,3d,00,   // j 6a 106
00,00,7f,10,28,44,   // k 6b 107
00,00,41,7f,40,00,   // l 6c 108
00,7c,04,18,04,78,   // m 6d 109
00,7c,08,04,04,78,   // n 6e 110
00,38,44,44,44,38,   // o 6f 111
00,7c,14,14,14,08,   // p 70 112
00,08,14,14,18,7c,   // q 71 113
00,7c,08,04,04,08,   // r 72 114
00,48,54,54,54,20,   // s 73 115
00,04,3f,44,40,20,   // t 74 116
00,3c,40,40,20,7c,   // u 75 117
00,1c,20,40,20,1c,   // v 76 118
00,3c,40,30,40,3c,   // w 77 119
00,44,28,10,28,44,   // x 78 120
00,0c,50,50,50,3c,   // y 79 121
00,44,64,54,4c,44,   // z 7a 122
00,00,08,36,41,41,   //  7b 123
00,00,00,7f,00,00,   // | 7c 124
00,41,41,36,08,00,   //  7d 125
00,04,02,04,08,04,   // ~ 7e 126
00,7f,6b,6b,6b,7f,   //  7f 127
00,00,7c,44,7c,00,   // ¬¨ 80 128
00,00,08,7c,00,00,   // ¬Å 81 129
00,00,64,54,48,00,   // ‚Äö 82 130
00,00,44,54,28,00,   // ∆í 83 131
00,00,1c,10,78,00,   // ‚Äû 84 132
00,00,5c,54,24,00,   // ‚Ä¶ 85 133
00,00,78,54,74,00,   // ‚Ä† 86 134
00,00,64,14,0c,00,   // ‚Ä° 87 135
00,00,7c,54,7c,00,   // ÀÜ 88 136
00,00,5c,54,3c,00,   // ‚Ä∞ 89 137
00,78,24,26,25,78,   // ≈† 8a 138
00,78,25,26,24,78,   // ‚Äπ 8b 139
00,70,2a,29,2a,70,   // ≈í 8c 140
00,78,25,24,25,78,   // ¬ç 8d 141
00,20,54,56,55,78,   //  8e 142
00,20,55,56,54,78,   // ¬è 8f 143
00,20,56,55,56,78,   // ¬ê 90 144
00,20,55,54,55,78,   // ‚Äò 91 145
00,7c,54,56,55,44,   // ‚Äô 92 146
00,7c,55,56,54,44,   // ‚Äú 93 147
00,7c,56,55,56,44,   // ‚Äù 94 148
00,7c,55,54,55,44,   // ‚Ä¢ 95 149
00,38,54,56,55,18,   // ‚Äì 96 150
00,38,55,56,54,18,   // ‚Äî 97 151
00,38,56,55,56,18,   // Àú 98 152
00,38,55,54,55,18,   // ‚Ñ¢ 99 153
00,00,44,7e,45,00,   // ≈° 9a 154
00,00,45,7e,44,00,   // ‚Ä∫ 9b 155
00,00,46,7d,46,00,   // ≈ì 9c 156
00,00,45,7c,45,00,   // ¬ù 9d 157
00,00,48,7a,41,00,   // ~ 9e 158
00,00,49,7a,40,00,   // ≈∏ 9f 159
00,00,4a,79,42,00,   //   a0 160
00,00,49,78,41,00,   // ¬° a1 161
00,38,44,46,45,38,   // ¬¢ a2 162
00,38,45,46,44,38,   // ¬£ a3 163
00,38,46,45,46,38,   // ¬§ a4 164
00,38,45,44,45,38,   // ¬• a5 165
00,30,48,4a,49,30,   // ¬¶ a6 166
00,30,49,4a,48,30,   // ¬ß a7 167
00,30,4a,49,4a,30,   // ¬® a8 168
00,30,49,48,49,30,   // ¬© a9 169
00,3c,40,42,41,3c,   // ¬™ aa 170
00,3c,41,42,40,3c,   // ¬´ ab 171
00,3c,42,41,42,3c,   // ¬¨ ac 172
00,3c,41,40,41,3c,   // ¬≠ ad 173
00,3c,40,42,21,7c,   // ¬Æ ae 174
00,3c,41,42,20,7c,   // ¬Ø af 175
00,38,42,41,22,78,   // ¬∞ b0 176
00,3c,41,40,21,7c,   // ¬± b1 177
00,4e,51,71,11,0a,   // ¬≤ b2 178
00,58,64,64,24,10,   // ¬≥ b3 179
00,7c,0a,11,22,7d,   // ¬¥ b4 180
00,78,12,09,0a,71,   // ¬µ b5 181
00,00,00,04,02,01,   // ¬∂ b6 182
00,01,02,04,00,00,   // ¬∑ b7 183
00,00,02,00,02,00,   // ¬∏ b8 184
00,30,48,45,40,20,   // ¬π b9 185
00,00,00,7b,00,00,   // ¬∫ ba 186
00,38,44,44,38,44,   // ¬ª bb 187
00,40,3e,49,49,36,   // ¬º bc 188
00,08,04,08,70,0c,   // ¬Ω bd 189
00,60,50,48,50,60,   // ¬æ be 190
00,20,52,55,59,30,   // ¬ø bf 191
00,38,54,54,54,00,   // √Ä c0 192
00,00,00,7f,41,00,   // √Å c1 193
00,40,22,14,18,60,   // √Ç c2 194
00,7c,20,20,1c,20,   // √É c3 195
00,44,3c,04,7c,44,   // √Ñ c4 196
00,40,3c,12,12,0c,   // √Ö c5 197
00,41,63,55,49,41,   // √Ü c6 198
00,38,44,44,3c,04,   // √á c7 199
00,08,04,3c,44,24,   // √à c8 200
00,08,14,7f,14,08,   // √â c9 201
00,4e,71,01,71,4e,   // √ä ca 202
00,45,29,11,29,45,   // √ã cb 203
00,0d,51,51,51,3d,   // √å cc 204
00,00,00,05,02,05,   // √ç cd 205
00,40,00,40,00,40,   // √é ce 206
00,00,08,1c,3e,00,   // √è cf 207
00,1c,1c,1c,00,00,   // √ê d0 208
00,00,70,08,07,00,   // √ë d1 209
00,00,08,08,08,00,   // √í d2 210
00,00,1d,15,17,00,   // √ì d3 211
00,00,07,05,07,00,   // √î d4 212
00,00,11,15,0a,00,   // √ï d5 213
00,00,00,00,00,00,   // √ñ d6 214
00,04,3c,41,20,00,   // √ó d7 215
00,7c,16,15,16,08,   // √ò d8 216
00,21,16,08,34,42,   // √ô d9 217
00,7f,09,1d,01,03,   // √ö da 218
00,38,54,54,14,08,   // √õ db 219
00,00,00,7c,40,40,   // √ú dc 220
00,7f,0e,1c,38,7f,   // √ù dd 221
00,41,22,5d,22,1c,   // √û de 222
00,1c,3e,1c,08,00,   // √ü df 223
00,7f,7f,7f,7f,7f,   // √† e0 224
00,77,7b,01,7b,77,   // √° e1 225
00,7f,43,75,43,7f,   // √¢ e2 226
00,7f,6f,55,43,7f,   // √£ e3 227
00,40,40,40,40,40,   // √§ e4 228
00,44,42,5f,42,44,   // √• e5 229
00,40,5e,45,5e,40,   // √¶ e6 230
00,40,48,55,5e,40,   // √ß e7 231
00,00,04,08,10,20,   // √® e8 232
00,03,07,0e,1c,38,   // √© e9 233
00,01,03,07,0f,1f,   // √™ ea 234
00,7c,78,70,60,40,   // √´ eb 235
00,08,08,1c,22,1c,   // √¨ ec 236
00,00,1c,22,1c,00,   // √≠ ed 237
00,02,00,08,00,20,   // √Æ ee 238
00,04,3e,3f,3e,04,   // √Ø ef 239
00,10,3e,7e,3e,10,   // √∞ f0 240
00,55,2a,55,2a,55,   // √± f1 241
00,24,2a,7f,2a,12,   // √≤ f2 242
00,04,1e,1f,1e,04,   // √≥ f3 243
00,00,00,00,00,00,   // √¥ f4 244
00,00,00,00,00,00,   // √µ f5 245
00,00,00,00,00,00,   // √∂ f6 246
00,00,00,00,00,00,   // √∑ f7 247
00,00,00,00,00,00,   // √∏ f8 248
00,00,00,00,00,00,   // √π f9 249
00,00,00,00,00,00,   // √∫ fa 250
00,00,00,00,00,00,   // √ª fb 251
00,00,00,00,00,00,   // √º fc 252
00,00,00,00,00,00,   // √Ω fd 253
00,00,00,00,00,00,   // √æ fe 254
00,00,00,00,00,00    // √ø ff 255